region,smoker,age,bmi,charges
northeast,no,39.45348837209303,29.342112403100778,9138.556668329456
northeast,yes,38.23880597014925,28.565223880597014,29673.53647283582
northwest,no,39.168539325842694,29.21267790262172,8556.463715205993
northwest,yes,39.69491525423729,29.139237288135593,30174.195675932202
southeast,no,38.54909090909091,33.4372,7991.969292872727
southeast,yes,39.91304347826087,32.981521739130436,34586.82970923913
southwest,no,40.11895910780669,30.5075092936803,7989.344762416357
southwest,yes,36.10344827586207,31.0051724137931,32269.063493620688
